{
	"roi": [
		{
			"x": 0.0,
			"y": 0.0
		},
		{
			"x": 1.0,
			"y": 0.0
		},
		{
			"x": 1.0,
			"y": 1.0
		},
		{
			"x": 0.0,
			"y": 1.0
		}
	],
	"objects": [
		{
			"id": 0,
			"cls": 0,
			"conf": 0.8997184038162231,
			"rect": {
				"x": 0.5319851040840149,
				"y": 0.4438060224056244,
				"width": 0.192002534866333,
				"height": 0.5333171784877777
			},
			"props": {
				"0": [
					0.1,
					0.9
				],
				"1": [
					0.2,
					0.8
				]
			}
		}
	]
}